{
    "Total Questions": 15,
    "Average Cosine Similarity": 0.9157733333333334,
    "Average ROUGE-L": 0.6228733333333333,
    "Pass Rate (%)": 100.0
}